dataset,sample_id,math_density,is_hallucination,confidence,vibration
clean,clean_0,0.0,1,0.5076819062232971,17.75737865273559
clean,clean_1,0.0,1,0.5026146173477173,49.261140285325276
clean,clean_2,0.0,1,0.5048496723175049,36.35492773944913
clean,clean_3,0.0,1,0.5034178495407104,29.826882220887978
clean,clean_4,0.0,1,0.5150447487831116,11.40244784330929
clean,clean_5,0.0,1,0.5080550909042358,14.459530729680328
clean,clean_6,0.0,1,0.5098944306373596,16.118833894609423
clean,clean_7,0.0,1,0.5078831315040588,19.949280099276443
clean,clean_8,0.0,1,0.5028451085090637,50.64515639897667
clean,clean_9,0.0,1,0.5060397386550903,28.499369120839056
clean,clean_10,0.0,1,0.5018975734710693,40.56056262856484
clean,clean_11,0.0,1,0.50307297706604,43.42827029410003
clean,clean_12,0.0,1,0.5092299580574036,21.694096884917133
clean,clean_13,0.0,1,0.5028430819511414,42.91587545850407
clean,clean_14,0.0,1,0.5062436461448669,21.871529906651126
clean,clean_15,0.0,1,0.504586935043335,22.71502467592073
clean,clean_16,0.0,1,0.5058287382125854,26.58906128490142
clean,clean_17,0.0,1,0.5030482411384583,44.57579842877321
clean,clean_18,0.0,1,0.5086542367935181,23.46713222690342
clean,clean_19,0.0,1,0.5037667155265808,41.82844613756283
clean,clean_20,0.0,1,0.5058960914611816,18.16598086512172
clean,clean_21,0.0,1,0.5079147815704346,23.158110836467213
clean,clean_22,0.0,1,0.5100435018539429,18.32364643507343
clean,clean_23,0.0,1,0.507575511932373,20.17204116141166
clean,clean_24,0.0,1,0.5038278102874756,43.26770184640041
clean,clean_25,0.0,1,0.5022299885749817,38.09572433453912
clean,clean_26,0.0,1,0.5032665729522705,47.637722530628714
clean,clean_27,0.0,1,0.5052083134651184,25.879043985558546
clean,clean_28,0.0,1,0.5126311182975769,15.626236570871006
clean,clean_29,0.0,1,0.5051215887069702,43.27333305364218
clean,clean_30,0.0,1,0.506476104259491,20.646169573183244
clean,clean_31,0.0,1,0.5073437094688416,19.17055703497421
clean,clean_32,0.0,1,0.5093696713447571,19.248146189128367
clean,clean_33,0.0,1,0.5089647769927979,23.09296783864141
clean,clean_34,0.0,1,0.5120858550071716,14.035969764823953
clean,clean_35,0.0,1,0.5040836334228516,36.90259371916379
clean,clean_36,0.0,1,0.5087631344795227,20.071999384869567
clean,clean_37,0.0,1,0.5056606531143188,26.4876842151738
clean,clean_38,0.0,1,0.5067088603973389,23.10491252342428
clean,clean_39,0.0,1,0.503303587436676,31.756538758904888
clean,clean_40,0.0,1,0.5090784430503845,17.725129884161284
clean,clean_41,0.0,1,0.505295991897583,37.85259147395254
clean,clean_42,0.0,1,0.5091668963432312,19.888218211896593
clean,clean_43,0.0,1,0.5028092861175537,32.552523285890835
clean,clean_44,0.0,1,0.5040614604949951,32.33785152636659
clean,clean_45,0.0,1,0.5032083988189697,30.291475634632995
clean,clean_46,0.0,1,0.5071771740913391,16.982486558439117
clean,clean_47,0.0,1,0.5035380125045776,45.732974233278064
clean,clean_48,0.0,1,0.5105361342430115,18.308577465227998
clean,clean_49,0.0,1,0.5073148012161255,23.38024311580911
clean,clean_50,0.0,1,0.510453462600708,20.684334876976635
clean,clean_51,0.0,1,0.5079588294029236,19.696595805331793
clean,clean_52,0.0,1,0.5129526853561401,14.704187206322766
clean,clean_53,0.0,1,0.5034055113792419,36.55767417926959
clean,clean_54,0.0,1,0.5037930011749268,36.654428531312455
clean,clean_55,0.0,1,0.5095247030258179,17.54973628783909
clean,clean_56,0.0,1,0.5076402425765991,24.692878451322102
clean,clean_57,0.0,1,0.5130609273910522,13.756140921432472
clean,clean_58,0.0,1,0.5041272640228271,39.03405338456806
clean,clean_59,0.0,1,0.5137001872062683,14.67500883228549
clean,clean_60,0.0,1,0.5102115869522095,17.667150878819537
clean,clean_61,0.0,1,0.502817690372467,37.437953472413135
clean,clean_62,0.0,1,0.5078068375587463,23.43673122416519
clean,clean_63,0.0,1,0.5063799619674683,20.562314953163884
clean,clean_64,0.0,1,0.5079187154769897,22.233250380323142
clean,clean_65,0.0,1,0.5028699636459351,28.583140962076982
clean,clean_66,0.0,1,0.5103315114974976,17.024156846940777
clean,clean_67,0.0,1,0.5098115801811218,23.63432920007956
clean,clean_68,0.0,1,0.5067088007926941,26.797896348715902
clean,clean_69,0.0,1,0.5040487051010132,35.55488375006068
clean,clean_70,0.0,1,0.510783851146698,16.513108840806513
clean,clean_71,0.0,1,0.5059043765068054,28.498008156647366
clean,clean_72,0.0,1,0.5077852010726929,23.190129574006686
clean,clean_73,0.0,1,0.5059163570404053,21.88981109917424
clean,clean_74,0.0,1,0.5045716762542725,36.017848560088936
clean,clean_75,0.0,1,0.504432201385498,27.53821149558685
clean,clean_76,0.0,1,0.5096224546432495,15.063847695761094
clean,clean_77,0.0,1,0.5036669969558716,33.38788649926944
clean,clean_78,0.0,1,0.5066248178482056,28.689625394120917
clean,clean_79,0.0,1,0.5050962567329407,31.376189625740217
clean,clean_80,0.0,1,0.5054248571395874,29.517683697281125
clean,clean_81,0.0,1,0.5045863389968872,35.08757693629231
clean,clean_82,0.0,1,0.5077857375144958,20.59574794620265
clean,clean_83,0.0,1,0.5087938904762268,16.11253959237758
clean,clean_84,0.0,1,0.5049155950546265,32.19751799486459
clean,clean_85,0.0,1,0.5042697191238403,34.10235191108467
clean,clean_86,0.0,1,0.5036875605583191,22.969108270148137
clean,clean_87,0.0,1,0.5054392218589783,24.17335333858189
clean,clean_88,0.0,1,0.5138677954673767,14.42196734385356
clean,clean_89,0.0,1,0.5074447393417358,18.791107020973953
clean,clean_90,0.0,1,0.5105902552604675,19.4971983218327
clean,clean_91,0.0,1,0.5021412968635559,45.915916510279466
clean,clean_92,0.0,1,0.5062884092330933,19.99255477565086
clean,clean_93,0.0,1,0.505573570728302,22.952298834517958
clean,clean_94,0.0,1,0.5020380616188049,46.84469551959102
clean,clean_95,0.0,1,0.5029708743095398,59.41942748549782
clean,clean_96,0.0,1,0.507352352142334,27.049060069467213
clean,clean_97,0.0,1,0.5120357871055603,15.271480008061706
clean,clean_98,0.0,1,0.5062182545661926,20.81564408372282
clean,clean_99,0.0,1,0.5078122019767761,20.634669140390166
clean,clean_100,0.0,1,0.5050572752952576,38.625717278369905
clean,clean_101,0.0,1,0.5074902176856995,18.95885475476687
clean,clean_102,0.0,1,0.5015572309494019,70.7464391896175
clean,clean_103,0.0,1,0.5044378638267517,27.910663084399957
clean,clean_104,0.0,1,0.502555251121521,40.13996810724372
clean,clean_105,0.0,1,0.5057399272918701,26.295612078016923
clean,clean_106,0.0,1,0.502387285232544,28.808021926746267
clean,clean_107,0.0,1,0.5084630250930786,11.72530926971853
clean,clean_108,0.0,1,0.50368332862854,26.40993872724018
clean,clean_109,0.0,1,0.5039435625076294,44.31945699742084
clean,clean_110,0.0,1,0.5078067779541016,21.447913716256487
clean,clean_111,0.0,1,0.5051832795143127,32.62777818557291
clean,clean_112,0.0,1,0.5113520622253418,17.672015556954676
clean,clean_113,0.0,1,0.5074488520622253,23.09851621652489
clean,clean_114,0.0,1,0.5053228735923767,26.595912980360207
clean,clean_115,0.0,1,0.5046677589416504,32.86987935697234
clean,clean_116,0.0,1,0.5047007203102112,34.949523496024355
clean,clean_117,0.0,1,0.5154915452003479,15.677907709184103
clean,clean_118,0.0,1,0.5080471634864807,17.21130138306884
clean,clean_119,0.0,1,0.5046587586402893,34.03289240114926
clean,clean_120,0.0,1,0.5028614401817322,52.66336926175912
clean,clean_121,0.0,1,0.5040194392204285,28.67452825341366
clean,clean_122,0.0,1,0.5022095441818237,55.58042426827208
clean,clean_123,0.0,1,0.5134699940681458,13.875744874657306
clean,clean_124,0.0,1,0.5043660998344421,34.9032111381143
clean,clean_125,0.0,1,0.5105156898498535,18.378027435360124
clean,clean_126,0.0,1,0.5107988119125366,15.006258720726187
clean,clean_127,0.0,1,0.5050035119056702,24.89176736162564
clean,clean_128,0.0,1,0.5079879760742188,16.756278398551473
clean,clean_129,0.0,1,0.5050392746925354,26.420067361318754
clean,clean_130,0.0,1,0.5111167430877686,16.050944320836003
clean,clean_131,0.0,1,0.5100454092025757,17.37252913904854
clean,clean_132,0.0,1,0.5077729225158691,20.6406948744268
clean,clean_133,0.0,1,0.5091165900230408,16.894768751354295
clean,clean_134,0.0,1,0.5032098889350891,35.73693236605163
clean,clean_135,0.0,1,0.5128486752510071,16.30607825820446
clean,clean_136,0.0,1,0.5069850087165833,20.116249301701963
clean,clean_137,0.0,1,0.5113593339920044,15.514269720813658
clean,clean_138,0.0,1,0.5074796080589294,25.25481081070163
clean,clean_139,0.0,1,0.5072245001792908,26.462867661807106
clean,clean_140,0.0,1,0.5053912997245789,25.428555325586352
clean,clean_141,0.0,1,0.5089020133018494,18.04687115771037
clean,clean_142,0.0,1,0.5087607502937317,16.336285421204497
clean,clean_143,0.0,1,0.5029457211494446,32.600002667159366
clean,clean_144,0.0,1,0.5101076364517212,17.636586188868392
clean,clean_145,0.0,1,0.5115468502044678,15.646074387787204
clean,clean_146,0.0,1,0.5105651021003723,15.400255128008805
clean,clean_147,0.0,1,0.5079591870307922,19.193120033695628
clean,clean_148,0.0,1,0.5096331834793091,19.48809103324137
clean,clean_149,0.0,1,0.5038169026374817,37.76202465959875
clean,clean_150,0.0,1,0.5043423771858215,27.882424831021602
clean,clean_151,0.0,1,0.5041282176971436,26.152918520654186
clean,clean_152,0.0,1,0.5088270902633667,20.262270097029724
clean,clean_153,0.0,1,0.5138201117515564,14.110233909312486
clean,clean_154,0.0,1,0.5069964528083801,24.009229520831955
clean,clean_155,0.0,1,0.5069709420204163,25.72276344474371
clean,clean_156,0.0,1,0.5106266140937805,12.890385384568187
clean,clean_157,0.0,1,0.5088807344436646,20.882947914057816
clean,clean_158,0.0,1,0.5087888836860657,15.30800491221713
clean,clean_159,0.0,1,0.5097746849060059,17.73822958294503
clean,clean_160,0.0,1,0.5033960938453674,34.198222308376764
clean,clean_161,0.0,1,0.5048125982284546,33.3448603915277
clean,clean_162,0.0,1,0.5036674737930298,23.101121547037
clean,clean_163,0.0,1,0.5073230266571045,19.84362602391845
clean,clean_164,0.0,1,0.5033091902732849,44.845581189778265
clean,clean_165,0.0,1,0.5106908082962036,18.07004709731452
clean,clean_166,0.0,1,0.5084568858146667,21.07590382486399
clean,clean_167,0.0,1,0.5062307119369507,13.836651657225204
clean,clean_168,0.0,1,0.5050004124641418,21.308491932059464
clean,clean_169,0.0,1,0.506139874458313,22.065292733152177
clean,clean_170,0.0,1,0.5103843212127686,19.82258333009195
clean,clean_171,0.0,1,0.50766521692276,23.179474491265665
clean,clean_172,0.0,1,0.5100229382514954,18.83941773334789
clean,clean_173,0.0,1,0.5074770450592041,20.9669818702247
clean,clean_174,0.0,1,0.507546603679657,16.967305152828498
clean,clean_175,0.0,1,0.5099033713340759,16.230056717637986
clean,clean_176,0.0,1,0.5090782046318054,20.480848498698588
clean,clean_177,0.0,1,0.509823739528656,19.181305198947744
clean,clean_178,0.0,1,0.5068208575248718,22.115733683591095
clean,clean_179,0.0,1,0.5087839365005493,16.109817252814235
clean,clean_180,0.0,1,0.5054053068161011,21.542997669194055
clean,clean_181,0.0,1,0.5143240094184875,17.709917215081703
clean,clean_182,0.0,1,0.507273256778717,26.479513931272788
clean,clean_183,0.0,1,0.5076948404312134,20.190111953265593
clean,clean_184,0.0,1,0.5067794919013977,23.778747531156775
clean,clean_185,0.0,1,0.5048372745513916,27.562712625850928
clean,clean_186,0.0,1,0.5071477293968201,36.78316428371936
clean,clean_187,0.0,1,0.5009443163871765,57.429428998819866
clean,clean_188,0.0,1,0.5071777701377869,13.26112006843234
clean,clean_189,0.0,1,0.5125904679298401,14.587819597300665
clean,clean_190,0.0,1,0.5037611722946167,42.403958017566666
clean,clean_191,0.0,1,0.5094931721687317,15.1809094598242
clean,clean_192,0.0,1,0.5043374300003052,32.760368004446775
clean,clean_193,0.0,1,0.5105235576629639,17.398516787025244
clean,clean_194,0.0,1,0.5136513113975525,15.188588392839103
clean,clean_195,0.0,1,0.5044487714767456,30.53506002732563
clean,clean_196,0.0,1,0.5048977136611938,26.15278612098102
clean,clean_197,0.0,1,0.5071015954017639,18.985755927380264
clean,clean_198,0.0,1,0.5068480968475342,26.72111661820275
clean,clean_199,0.0,1,0.5047290325164795,29.49123870034475
contaminated,contaminated_0,0.21739130434782608,1,0.508420467376709,14.992887221218945
contaminated,contaminated_1,0.11764705882352941,1,0.5055654048919678,28.159161274808547
contaminated,contaminated_2,0.05555555555555555,1,0.5061933398246765,22.762730751794237
contaminated,contaminated_3,0.1111111111111111,1,0.5064301490783691,17.02891814978002
contaminated,contaminated_4,0.17142857142857143,1,0.5131502151489258,11.87494328752225
contaminated,contaminated_5,0.07142857142857142,1,0.5030374526977539,26.84263199212085
contaminated,contaminated_6,0.10256410256410256,1,0.5167734622955322,9.838010055290702
contaminated,contaminated_7,0.14285714285714285,1,0.5112868547439575,13.716008285082912
contaminated,contaminated_8,0.08571428571428572,1,0.5074958801269531,15.667999529377358
contaminated,contaminated_9,0.12,1,0.5078228712081909,16.73143564286092
contaminated,contaminated_10,0.10810810810810811,1,0.5094336867332458,13.992873062510514
contaminated,contaminated_11,0.09090909090909091,1,0.5022464990615845,55.59006548653431
contaminated,contaminated_12,0.11764705882352941,1,0.5056260228157043,28.451736169615902
contaminated,contaminated_13,0.14285714285714285,1,0.5090599656105042,17.384046654268737
contaminated,contaminated_14,0.11764705882352941,1,0.5054748058319092,21.829556039704855
contaminated,contaminated_15,0.1111111111111111,1,0.5067540407180786,16.149339033334833
contaminated,contaminated_16,0.2692307692307692,1,0.505689799785614,19.191592021868864
contaminated,contaminated_17,0.09090909090909091,1,0.5082955956459045,17.800311367524905
contaminated,contaminated_18,0.13333333333333333,1,0.5011276602745056,30.611644873295717
contaminated,contaminated_19,0.23076923076923078,1,0.5073524713516235,15.294925098828397
contaminated,contaminated_20,0.17647058823529413,1,0.5101034641265869,13.987402007445107
contaminated,contaminated_21,0.041666666666666664,1,0.5035228729248047,25.66357382154823
contaminated,contaminated_22,0.08571428571428572,1,0.5094455480575562,14.21628531535849
contaminated,contaminated_23,0.07894736842105263,1,0.5101444125175476,13.52200730848485
contaminated,contaminated_24,0.125,1,0.5075547099113464,13.291033592793978
contaminated,contaminated_25,0.13333333333333333,1,0.5066959857940674,20.47045807822369
contaminated,contaminated_26,0.1,1,0.5090827941894531,13.56280210199329
contaminated,contaminated_27,0.07142857142857142,1,0.5034071207046509,39.28617937130373
contaminated,contaminated_28,0.15384615384615385,1,0.5031940937042236,21.98430968752176
contaminated,contaminated_29,0.18518518518518517,1,0.5058059692382812,16.205036292459035
contaminated,contaminated_30,0.15384615384615385,1,0.5017961263656616,40.673555837023095
contaminated,contaminated_31,0.15384615384615385,1,0.515927791595459,11.112876779484003
contaminated,contaminated_32,0.2413793103448276,1,0.5074459314346313,15.044128681851957
contaminated,contaminated_33,0.09090909090909091,1,0.5062077641487122,18.97570959309126
contaminated,contaminated_34,0.16666666666666666,1,0.5049713253974915,24.458800892354166
contaminated,contaminated_35,0.14285714285714285,1,0.5038596391677856,20.711776917427358
contaminated,contaminated_36,0.14285714285714285,1,0.5031231641769409,32.36635357157403
contaminated,contaminated_37,0.1111111111111111,1,0.5055785179138184,18.777898702021595
contaminated,contaminated_38,0.25,1,0.5019484758377075,31.819673747137877
contaminated,contaminated_39,0.19230769230769232,1,0.5055392980575562,17.523943426030776
contaminated,contaminated_40,0.1724137931034483,1,0.5068745613098145,18.111950890759818
contaminated,contaminated_41,0.1,1,0.5068992376327515,17.815258905779686
contaminated,contaminated_42,0.2727272727272727,1,0.5096266269683838,14.04284758875649
contaminated,contaminated_43,0.16216216216216217,1,0.5126650333404541,11.41603313299184
contaminated,contaminated_44,0.125,1,0.5066874027252197,15.32113770080419
contaminated,contaminated_45,0.14285714285714285,1,0.5018613338470459,37.21009607836696
contaminated,contaminated_46,0.09090909090909091,1,0.5028986930847168,35.97513648158446
contaminated,contaminated_47,0.13636363636363635,1,0.5033957362174988,23.6497787164334
contaminated,contaminated_48,0.19230769230769232,1,0.5089723467826843,13.982944283685141
contaminated,contaminated_49,0.13043478260869565,1,0.5057421922683716,20.977277523835717
contaminated,contaminated_50,0.11764705882352941,1,0.5038260221481323,26.48807723021553
contaminated,contaminated_51,0.1,1,0.5023120045661926,43.805909201923235
contaminated,contaminated_52,0.125,1,0.5077184438705444,16.869640942764544
contaminated,contaminated_53,0.16129032258064516,1,0.503782331943512,18.804717466921637
contaminated,contaminated_54,0.07142857142857142,1,0.5026113986968994,35.22283113748328
contaminated,contaminated_55,0.1,1,0.5050239562988281,18.551805178488124
contaminated,contaminated_56,0.058823529411764705,1,0.5015901327133179,39.196688591840335
contaminated,contaminated_57,0.17647058823529413,1,0.5055531859397888,22.805134902806866
contaminated,contaminated_58,0.09523809523809523,1,0.5032137036323547,25.399486625630423
contaminated,contaminated_59,0.2222222222222222,1,0.5024840235710144,25.328155373489665
contaminated,contaminated_60,0.12121212121212122,1,0.5076318383216858,14.961145851816454
contaminated,contaminated_61,0.3157894736842105,1,0.5046612024307251,21.93003959129136
contaminated,contaminated_62,0.1935483870967742,1,0.5057933926582336,18.599840430673606
contaminated,contaminated_63,0.17647058823529413,1,0.5039065480232239,25.55154927514575
contaminated,contaminated_64,0.0,1,0.5038154125213623,23.553454240318075
contaminated,contaminated_65,0.25,1,0.5043027997016907,24.520689339470767
contaminated,contaminated_66,0.14285714285714285,1,0.50273197889328,23.11883809320628
contaminated,contaminated_67,0.25,1,0.5023528933525085,36.29077840245046
contaminated,contaminated_68,0.08,1,0.5062731504440308,17.42614679274871
contaminated,contaminated_69,0.1111111111111111,1,0.5073052048683167,15.484563280155205
contaminated,contaminated_70,0.21875,1,0.5111879706382751,13.398881053085773
contaminated,contaminated_71,0.15789473684210525,1,0.5033311247825623,19.352461982953756
contaminated,contaminated_72,0.2619047619047619,1,0.5117233395576477,11.257995111893038
contaminated,contaminated_73,0.15789473684210525,1,0.5063430070877075,18.196275633286557
contaminated,contaminated_74,0.15384615384615385,1,0.5066227316856384,18.64762973166255
contaminated,contaminated_75,0.05,1,0.507954478263855,20.22377870999914
contaminated,contaminated_76,0.1,1,0.5091697573661804,14.337825664735218
contaminated,contaminated_77,0.15789473684210525,1,0.5066051483154297,28.551211078817026
contaminated,contaminated_78,0.15789473684210525,1,0.5076481699943542,11.74591111964797
contaminated,contaminated_79,0.17142857142857143,1,0.5099349617958069,13.426738625047713
contaminated,contaminated_80,0.13333333333333333,1,0.504136323928833,16.683957274456905
contaminated,contaminated_81,0.10526315789473684,1,0.5076608657836914,14.653311807848755
contaminated,contaminated_82,0.1111111111111111,1,0.5106948614120483,13.309272435253373
contaminated,contaminated_83,0.05555555555555555,1,0.5043483376502991,22.158870424308045
contaminated,contaminated_84,0.07692307692307693,1,0.5077475905418396,16.276939357589807
contaminated,contaminated_85,0.05263157894736842,1,0.5029564499855042,23.089727870302287
contaminated,contaminated_86,0.17142857142857143,1,0.5111016631126404,13.23726700119657
contaminated,contaminated_87,0.09523809523809523,1,0.5050767660140991,22.64757865149083
contaminated,contaminated_88,0.07692307692307693,1,0.5072025060653687,19.41453293721382
contaminated,contaminated_89,0.13333333333333333,1,0.5082787275314331,13.639686219948201
contaminated,contaminated_90,0.19444444444444445,1,0.517475962638855,9.367315277329467
contaminated,contaminated_91,0.17647058823529413,1,0.5073390603065491,19.25369399030697
contaminated,contaminated_92,0.16666666666666666,1,0.5037317276000977,30.654842395815187
contaminated,contaminated_93,0.21212121212121213,1,0.5127318501472473,13.215862211093006
contaminated,contaminated_94,0.037037037037037035,1,0.5075122714042664,18.52916296948816
contaminated,contaminated_95,0.09523809523809523,1,0.5057367086410522,17.217475737077155
contaminated,contaminated_96,0.2222222222222222,1,0.5062558054924011,22.86046250287228
contaminated,contaminated_97,0.2,1,0.5012415647506714,36.29974471441176
contaminated,contaminated_98,0.21428571428571427,1,0.5105881094932556,12.231099935658877
contaminated,contaminated_99,0.2,1,0.5091123580932617,14.028998285919085
contaminated,contaminated_100,0.03225806451612903,1,0.5097566843032837,13.933909505658722
contaminated,contaminated_101,0.11764705882352941,1,0.5097853541374207,12.898165480123112
contaminated,contaminated_102,0.1875,1,0.5072960257530212,14.621466706132857
contaminated,contaminated_103,0.08,1,0.5054567456245422,18.11858317092091
contaminated,contaminated_104,0.15789473684210525,1,0.5051592588424683,16.902447372914065
contaminated,contaminated_105,0.18181818181818182,0,0.5007391571998596,36.84599212336467
contaminated,contaminated_106,0.1282051282051282,1,0.5118561387062073,11.367786612417913
contaminated,contaminated_107,0.2,1,0.5047276020050049,20.56151772833289
contaminated,contaminated_108,0.15384615384615385,1,0.5035911202430725,20.008729632220344
contaminated,contaminated_109,0.21428571428571427,1,0.506415843963623,16.513638040785825
contaminated,contaminated_110,0.1724137931034483,1,0.5109403729438782,13.838016815026169
contaminated,contaminated_111,0.06666666666666667,1,0.502845048904419,35.9845411370782
contaminated,contaminated_112,0.15625,1,0.5047399997711182,17.478357052692477
contaminated,contaminated_113,0.12,1,0.5052613019943237,18.290934948514327
contaminated,contaminated_114,0.07142857142857142,1,0.5040135979652405,28.027547751772435
contaminated,contaminated_115,0.11538461538461539,1,0.5044448971748352,17.686001473964268
contaminated,contaminated_116,0.08333333333333333,1,0.5066160559654236,16.627578421665266
contaminated,contaminated_117,0.04,1,0.5063273310661316,19.24547755055684
contaminated,contaminated_118,0.09523809523809523,1,0.5086525082588196,12.88707086886706
contaminated,contaminated_119,0.16666666666666666,1,0.5038223266601562,32.67248585521469
contaminated,contaminated_120,0.14705882352941177,1,0.510921835899353,12.765123517208261
contaminated,contaminated_121,0.125,1,0.5029553174972534,23.434387733423108
contaminated,contaminated_122,0.11538461538461539,1,0.5020900368690491,22.259917630230586
contaminated,contaminated_123,0.25,1,0.5039966702461243,22.20090633425938
contaminated,contaminated_124,0.1,1,0.5068362355232239,18.2328238942209
contaminated,contaminated_125,0.09523809523809523,1,0.5043451189994812,22.476421787677527
contaminated,contaminated_126,0.14814814814814814,1,0.5071291327476501,15.366748793790102
contaminated,contaminated_127,0.16666666666666666,1,0.5136154294013977,11.88147436623098
contaminated,contaminated_128,0.0,1,0.503399133682251,34.285616211496816
contaminated,contaminated_129,0.09090909090909091,1,0.5023571252822876,41.45154333295207
contaminated,contaminated_130,0.0,1,0.5032310485839844,36.75084888651058
contaminated,contaminated_131,0.13636363636363635,1,0.5042787194252014,23.583942494417943
contaminated,contaminated_132,0.23333333333333334,1,0.5126884579658508,12.120336785498786
contaminated,contaminated_133,0.0625,1,0.5061003565788269,15.782946848904515
contaminated,contaminated_134,0.3333333333333333,1,0.5064465403556824,18.76761513888555
contaminated,contaminated_135,0.23333333333333334,1,0.5111422538757324,12.95566152243016
contaminated,contaminated_136,0.19047619047619047,1,0.5104159712791443,11.64219531169911
contaminated,contaminated_137,0.038461538461538464,1,0.5060212016105652,16.199880857178343
contaminated,contaminated_138,0.03571428571428571,1,0.5033314228057861,20.180026675186056
contaminated,contaminated_139,0.11627906976744186,1,0.5097963809967041,10.795992039038849
contaminated,contaminated_140,0.2608695652173913,1,0.5156141519546509,8.175531085576417
contaminated,contaminated_141,0.23076923076923078,1,0.5138964653015137,11.271392425594726
contaminated,contaminated_142,0.07142857142857142,1,0.5032708048820496,31.59363758790047
contaminated,contaminated_143,0.16,1,0.5070879459381104,18.25859298149191
contaminated,contaminated_144,0.13333333333333333,1,0.5097192525863647,14.792580776332303
contaminated,contaminated_145,0.20689655172413793,1,0.5085604786872864,14.725412667719617
contaminated,contaminated_146,0.12903225806451613,1,0.5047773122787476,18.3426204427018
contaminated,contaminated_147,0.14285714285714285,1,0.5032118558883667,16.022659004005945
contaminated,contaminated_148,0.2,1,0.5068158507347107,25.176829532436944
contaminated,contaminated_149,0.1875,1,0.5030238032341003,25.08621349533914
contaminated,contaminated_150,0.06666666666666667,1,0.5039702653884888,31.77047571377018
contaminated,contaminated_151,0.10526315789473684,1,0.5026814341545105,27.88872052737128
contaminated,contaminated_152,0.20588235294117646,1,0.5057068467140198,16.3310853341229
contaminated,contaminated_153,0.13333333333333333,1,0.5030516386032104,32.0956649895045
contaminated,contaminated_154,0.125,1,0.5021801590919495,17.095700050725558
contaminated,contaminated_155,0.05,1,0.506307065486908,20.358864062580622
contaminated,contaminated_156,0.17857142857142858,1,0.5060746669769287,16.198910290903974
contaminated,contaminated_157,0.22580645161290322,1,0.5109583139419556,13.209942951341661
contaminated,contaminated_158,0.15789473684210525,1,0.5050881505012512,21.709480504800847
contaminated,contaminated_159,0.16666666666666666,1,0.5072195529937744,19.638126957968296
contaminated,contaminated_160,0.0625,1,0.5070747137069702,15.303638612745823
contaminated,contaminated_161,0.2,0,0.5008215308189392,30.362253455613416
contaminated,contaminated_162,0.2,1,0.5071372389793396,14.734064129434074
contaminated,contaminated_163,0.15384615384615385,1,0.5085527896881104,13.722778897335159
contaminated,contaminated_164,0.1111111111111111,1,0.507134199142456,17.859672659173306
contaminated,contaminated_165,0.06896551724137931,1,0.5077610611915588,15.842892753019223
contaminated,contaminated_166,0.18518518518518517,1,0.5047165155410767,17.481768760003423
contaminated,contaminated_167,0.11764705882352941,1,0.505836009979248,19.532961156486643
contaminated,contaminated_168,0.06896551724137931,1,0.5088550448417664,14.714182011703812
contaminated,contaminated_169,0.11764705882352941,1,0.5034574866294861,34.64891007020152
contaminated,contaminated_170,0.25,1,0.5068865418434143,19.768294182941695
contaminated,contaminated_171,0.07142857142857142,1,0.5034266114234924,33.383333937092694
contaminated,contaminated_172,0.13636363636363635,1,0.5019816160202026,21.27094190101349
contaminated,contaminated_173,0.07692307692307693,1,0.5035302639007568,29.97764505990131
contaminated,contaminated_174,0.16666666666666666,1,0.504571795463562,18.314211916875443
contaminated,contaminated_175,0.17647058823529413,1,0.5117103457450867,12.575907614830273
contaminated,contaminated_176,0.23076923076923078,1,0.502626359462738,32.967073621054155
contaminated,contaminated_177,0.23529411764705882,1,0.5010085105895996,20.876485477821486
contaminated,contaminated_178,0.1935483870967742,1,0.5097435712814331,14.76515973382002
contaminated,contaminated_179,0.2692307692307692,1,0.50936359167099,14.857983838040802
contaminated,contaminated_180,0.0625,1,0.5016437768936157,24.38444107839945
contaminated,contaminated_181,0.11538461538461539,1,0.5050033926963806,14.957575888821975
contaminated,contaminated_182,0.25,1,0.5040798783302307,28.026837563492453
contaminated,contaminated_183,0.16666666666666666,1,0.504077136516571,30.80188957919123
contaminated,contaminated_184,0.10526315789473684,1,0.505149245262146,20.311673972612144
contaminated,contaminated_185,0.08695652173913043,1,0.5080143809318542,15.927917012175246
contaminated,contaminated_186,0.26666666666666666,1,0.5033602118492126,32.88330904594298
contaminated,contaminated_187,0.16666666666666666,1,0.5026252269744873,21.523747138759802
contaminated,contaminated_188,0.07142857142857142,1,0.5070874691009521,18.41054504742146
contaminated,contaminated_189,0.07692307692307693,1,0.5058541297912598,20.64221704418959
contaminated,contaminated_190,0.11764705882352941,1,0.506746232509613,14.164699770849362
contaminated,contaminated_191,0.15555555555555556,1,0.5083892345428467,12.684527124618674
contaminated,contaminated_192,0.06666666666666667,1,0.5041840076446533,30.99686029136252
contaminated,contaminated_193,0.17857142857142858,1,0.5090749859809875,15.121166786507445
contaminated,contaminated_194,0.12121212121212122,1,0.5157186985015869,12.16845736175396
contaminated,contaminated_195,0.13333333333333333,1,0.5023935437202454,31.846565355702086
contaminated,contaminated_196,0.17647058823529413,1,0.5025730133056641,34.2758333801087
contaminated,contaminated_197,0.21739130434782608,1,0.5084203481674194,14.768649586999222
contaminated,contaminated_198,0.2,1,0.5058916807174683,18.04253581367365
contaminated,contaminated_199,0.17857142857142858,1,0.5058500170707703,14.693132527234859
externalized,externalized_0,0.0,1,0.5143012404441833,9.358229372310728
externalized,externalized_1,0.0,1,0.510698676109314,19.175960536980067
externalized,externalized_2,0.0,1,0.5091574192047119,18.33287907663261
externalized,externalized_3,0.0,1,0.519487738609314,10.592106424627946
externalized,externalized_4,0.0,1,0.5134077072143555,8.519903381701052
externalized,externalized_5,0.0,1,0.5104964971542358,19.24962579340632
externalized,externalized_6,0.0,1,0.510517418384552,7.690101347575562
externalized,externalized_7,0.0,1,0.5245356559753418,9.378113742155643
externalized,externalized_8,0.0,1,0.5174285769462585,12.16265732020485
externalized,externalized_9,0.0,1,0.5157426595687866,11.855072006047086
externalized,externalized_10,0.0,1,0.5201853513717651,8.703880222246704
externalized,externalized_11,0.0,1,0.5048385262489319,35.03961497680183
externalized,externalized_12,0.0,1,0.509657084941864,20.35947818796534
externalized,externalized_13,0.0,1,0.5169020295143127,11.352182148328152
externalized,externalized_14,0.0,1,0.5118194818496704,15.446258619060591
externalized,externalized_15,0.0,1,0.5209978818893433,11.1459971439575
externalized,externalized_16,0.0,1,0.5164000391960144,8.721084985185177
externalized,externalized_17,0.0,1,0.5128766894340515,13.31164842705843
externalized,externalized_18,0.0,1,0.5103882551193237,18.916183253114244
externalized,externalized_19,0.0,1,0.5144287347793579,8.368389645369163
externalized,externalized_20,0.0,1,0.5222934484481812,9.167629634716416
externalized,externalized_21,0.0,1,0.5093905925750732,20.257769418189213
externalized,externalized_22,0.0,1,0.5168594121932983,10.242740447253297
externalized,externalized_23,0.0,1,0.5203047394752502,10.06152676169828
externalized,externalized_24,0.0,1,0.5217992067337036,9.635612681463112
externalized,externalized_25,0.0,1,0.52094966173172,13.842548358125313
externalized,externalized_26,0.0,1,0.5186489820480347,9.621190674530565
externalized,externalized_27,0.0,1,0.5087583065032959,24.981486032056562
externalized,externalized_28,0.0,1,0.5070957541465759,17.444708522721623
externalized,externalized_29,0.0,1,0.5169469118118286,10.752619490233982
externalized,externalized_30,0.0,1,0.5093573331832886,23.332554294917188
externalized,externalized_31,0.0,1,0.5143445134162903,8.28797292213285
externalized,externalized_32,0.0,1,0.5158353447914124,8.251588843459498
externalized,externalized_33,0.0,1,0.5203289985656738,12.682286975551577
externalized,externalized_34,0.0,1,0.5172293782234192,12.571540017872513
externalized,externalized_35,0.0,1,0.5192946195602417,12.474017063550024
externalized,externalized_36,0.0,1,0.5082281231880188,19.394721167745946
externalized,externalized_37,0.0,1,0.5186073184013367,11.740998756487343
externalized,externalized_38,0.0,1,0.515190839767456,15.407886385433844
externalized,externalized_39,0.0,1,0.5219730734825134,10.27595230625372
externalized,externalized_40,0.0,1,0.5212465524673462,11.150284036589133
externalized,externalized_41,0.0,1,0.5193443298339844,12.05433855720751
externalized,externalized_42,0.0,1,0.5116915702819824,7.464736419026028
externalized,externalized_43,0.0,1,0.5161527395248413,8.241037450771124
externalized,externalized_44,0.0,1,0.5209147930145264,10.714877170260225
externalized,externalized_45,0.0,1,0.5071767568588257,24.83451979273702
externalized,externalized_46,0.0,1,0.5047675967216492,29.704445961040168
externalized,externalized_47,0.0,1,0.518823504447937,14.640258007699373
externalized,externalized_48,0.0,1,0.5161382555961609,8.969143973365405
externalized,externalized_49,0.0,1,0.5173808336257935,12.893780596453766
externalized,externalized_50,0.0,1,0.5116155743598938,17.1466401952208
externalized,externalized_51,0.0,1,0.505727231502533,31.258948513360085
externalized,externalized_52,0.0,1,0.5212607979774475,11.27144570002442
externalized,externalized_53,0.0,1,0.5225517153739929,10.222584669304046
externalized,externalized_54,0.0,1,0.5041186213493347,26.104976843608792
externalized,externalized_55,0.0,1,0.5138822197914124,13.983745956777195
externalized,externalized_56,0.0,1,0.504932701587677,24.780397702768333
externalized,externalized_57,0.0,1,0.5147883296012878,14.069825747100051
externalized,externalized_58,0.0,1,0.5174847841262817,14.37430520548704
externalized,externalized_59,0.0,1,0.5184835195541382,13.624010540878658
externalized,externalized_60,0.0,1,0.5116239786148071,11.3281371633473
externalized,externalized_61,0.0,1,0.5169315934181213,10.211073452559216
externalized,externalized_62,0.0,1,0.5191624760627747,10.853970803950688
externalized,externalized_63,0.0,1,0.5152034759521484,14.069759664353187
externalized,externalized_64,0.0,1,0.5079188346862793,21.353703749488925
externalized,externalized_65,0.0,1,0.5153173208236694,14.243717519596812
externalized,externalized_66,0.0,1,0.5139845609664917,13.44690337460228
externalized,externalized_67,0.0,1,0.514115571975708,16.342403326200422
externalized,externalized_68,0.0,1,0.5181078314781189,13.075246111859826
externalized,externalized_69,0.0,1,0.5189000368118286,10.433776196935183
externalized,externalized_70,0.0,1,0.5135694742202759,7.885264911378367
externalized,externalized_71,0.0,1,0.5108075737953186,13.731093342146577
externalized,externalized_72,0.0,1,0.5240519046783447,7.667614459183781
externalized,externalized_73,0.0,1,0.5196032524108887,12.437901746182945
externalized,externalized_74,0.0,1,0.5145211219787598,13.985060352825736
externalized,externalized_75,0.0,1,0.5170683264732361,15.043993049961397
externalized,externalized_76,0.0,1,0.510208010673523,9.823671160575351
externalized,externalized_77,0.0,1,0.5113482475280762,17.45475208654291
externalized,externalized_78,0.0,1,0.5113233923912048,8.18919073160201
externalized,externalized_79,0.0,1,0.5111510157585144,8.139093163066422
externalized,externalized_80,0.0,1,0.5145543217658997,10.846756254720093
externalized,externalized_81,0.0,1,0.5191240310668945,10.013568722075217
externalized,externalized_82,0.0,1,0.5140466690063477,10.231486836145391
externalized,externalized_83,0.0,1,0.5078595280647278,18.15368054389572
externalized,externalized_84,0.0,1,0.5212025046348572,12.626548007433028
externalized,externalized_85,0.0,1,0.5052624344825745,20.354524200827125
externalized,externalized_86,0.0,1,0.51695716381073,8.148386455249616
externalized,externalized_87,0.0,1,0.5113072395324707,16.752776577662303
externalized,externalized_88,0.0,1,0.5167973041534424,13.943544808017755
externalized,externalized_89,0.0,1,0.5197562575340271,10.58077924887859
externalized,externalized_90,0.0,1,0.5072004795074463,7.390424752918128
externalized,externalized_91,0.0,1,0.5138813853263855,12.658550105719732
externalized,externalized_92,0.0,1,0.5114527344703674,18.074448109192243
externalized,externalized_93,0.0,1,0.5168477296829224,7.643621156522885
externalized,externalized_94,0.0,1,0.5154256224632263,14.092977967328045
externalized,externalized_95,0.0,1,0.5118953585624695,13.822092668650338
externalized,externalized_96,0.0,1,0.5179394483566284,12.86228035488538
externalized,externalized_97,0.0,1,0.5070216655731201,21.62884072243753
externalized,externalized_98,0.0,1,0.5141839981079102,7.9589342230933795
externalized,externalized_99,0.0,1,0.5180692672729492,8.517545801945392
externalized,externalized_100,0.0,1,0.515897274017334,12.069231151419684
externalized,externalized_101,0.0,1,0.513017475605011,9.41717053955099
externalized,externalized_102,0.0,1,0.5154464244842529,8.943608282398385
externalized,externalized_103,0.0,1,0.5143740773200989,13.998448025949505
externalized,externalized_104,0.0,1,0.5176617503166199,11.875379410422992
externalized,externalized_105,0.0,1,0.5070548057556152,24.680904746934665
externalized,externalized_106,0.0,1,0.516244649887085,8.371853501486887
externalized,externalized_107,0.0,1,0.5108222365379333,11.60937840764354
externalized,externalized_108,0.0,1,0.5140932202339172,12.87468461545998
externalized,externalized_109,0.0,1,0.5168619751930237,9.668465969543634
externalized,externalized_110,0.0,1,0.5136608481407166,9.110187350253575
externalized,externalized_111,0.0,1,0.5077630877494812,28.75667037439048
externalized,externalized_112,0.0,1,0.5200732946395874,10.799536251058521
externalized,externalized_113,0.0,1,0.5142714977264404,13.150847396258929
externalized,externalized_114,0.0,1,0.5094920992851257,22.016684426084097
externalized,externalized_115,0.0,1,0.5158289670944214,12.546048676609153
externalized,externalized_116,0.0,1,0.519143283367157,11.975947260226647
externalized,externalized_117,0.0,1,0.5094684362411499,16.554979517523584
externalized,externalized_118,0.0,1,0.511353611946106,10.93777098675088
externalized,externalized_119,0.0,1,0.5118347406387329,19.006750710609715
externalized,externalized_120,0.0,1,0.515545129776001,8.757797276658613
externalized,externalized_121,0.0,1,0.5174293518066406,13.767381496351682
externalized,externalized_122,0.0,1,0.5146579742431641,12.825428512046845
externalized,externalized_123,0.0,1,0.5113693475723267,12.498450280987022
externalized,externalized_124,0.0,1,0.5141206979751587,15.53228600052411
externalized,externalized_125,0.0,1,0.5122721195220947,16.432507452679328
externalized,externalized_126,0.0,1,0.5179566144943237,9.971991544946277
externalized,externalized_127,0.0,1,0.5135812163352966,8.369188591400032
externalized,externalized_128,0.0,1,0.5046483278274536,30.885807153157824
externalized,externalized_129,0.0,1,0.5050049424171448,28.49494251190327
externalized,externalized_130,0.0,1,0.5050350427627563,33.00163430216343
externalized,externalized_131,0.0,1,0.5159549117088318,13.71009122136659
externalized,externalized_132,0.0,1,0.5114352107048035,8.012662869965848
externalized,externalized_133,0.0,1,0.5149633288383484,12.419371812616049
externalized,externalized_134,0.0,1,0.5104799270629883,8.087657096593453
externalized,externalized_135,0.0,1,0.5135226249694824,8.1627585475149
externalized,externalized_136,0.0,1,0.5135274529457092,8.206896066077412
externalized,externalized_137,0.0,1,0.5170230269432068,13.168323123407824
externalized,externalized_138,0.0,1,0.515048623085022,14.223373507127004
externalized,externalized_139,0.0,1,0.5155970454216003,8.129263537923782
externalized,externalized_140,0.0,1,0.5081713199615479,7.874684166511651
externalized,externalized_141,0.0,1,0.5143417119979858,7.878941216112632
externalized,externalized_142,0.0,1,0.5044649839401245,26.45345301383128
externalized,externalized_143,0.0,1,0.5202559232711792,11.70179916249019
externalized,externalized_144,0.0,1,0.5209019184112549,9.084392374909859
externalized,externalized_145,0.0,1,0.5178776979446411,8.45348726550231
externalized,externalized_146,0.0,1,0.5201863050460815,11.898820987331757
externalized,externalized_147,0.0,1,0.5141048431396484,11.612440033504864
externalized,externalized_148,0.0,1,0.5165915489196777,13.50856395222781
externalized,externalized_149,0.0,1,0.5121581554412842,16.13548926830407
externalized,externalized_150,0.0,1,0.5063052773475647,24.13537190838566
externalized,externalized_151,0.0,1,0.5126059055328369,19.013647986543063
externalized,externalized_152,0.0,1,0.522271454334259,8.901178717302857
externalized,externalized_153,0.0,1,0.5110782980918884,17.882130940044917
externalized,externalized_154,0.0,1,0.5120793581008911,12.647834443196736
externalized,externalized_155,0.0,1,0.5156781673431396,15.592270725754132
externalized,externalized_156,0.0,1,0.5169485807418823,9.912186684816081
externalized,externalized_157,0.0,1,0.517310380935669,8.081693919536516
externalized,externalized_158,0.0,1,0.5191022157669067,11.92990229280542
externalized,externalized_159,0.0,1,0.5181499123573303,12.061553514809141
externalized,externalized_160,0.0,1,0.513597846031189,12.638170990904463
externalized,externalized_161,0.0,1,0.511519730091095,16.67953747799312
externalized,externalized_162,0.0,1,0.523508608341217,9.737771384206914
externalized,externalized_163,0.0,1,0.5161096453666687,9.315007747347774
externalized,externalized_164,0.0,1,0.5183616280555725,12.780131431235729
externalized,externalized_165,0.0,1,0.5190842747688293,10.815956684165267
externalized,externalized_166,0.0,1,0.5192269086837769,11.091682962771031
externalized,externalized_167,0.0,1,0.5129575133323669,14.16102396487863
externalized,externalized_168,0.0,1,0.5137619376182556,11.854685354572771
externalized,externalized_169,0.0,1,0.5059331059455872,24.357043163114103
externalized,externalized_170,0.0,1,0.5139683485031128,11.212770980278435
externalized,externalized_171,0.0,1,0.5094549655914307,21.71471762476761
externalized,externalized_172,0.0,1,0.5163542032241821,12.89349912967814
externalized,externalized_173,0.0,1,0.5084238648414612,22.921356947272688
externalized,externalized_174,0.0,1,0.514225959777832,11.629588520024875
externalized,externalized_175,0.0,1,0.5133610963821411,8.157443056564915
externalized,externalized_176,0.0,1,0.5137541890144348,14.779267211473318
externalized,externalized_177,0.0,1,0.507714569568634,13.211711799971889
externalized,externalized_178,0.0,1,0.514134407043457,8.038133633858424
externalized,externalized_179,0.0,1,0.5133609175682068,7.662900851469151
externalized,externalized_180,0.0,1,0.506294846534729,19.555610202204953
externalized,externalized_181,0.0,1,0.5142588019371033,11.899591056051031
externalized,externalized_182,0.0,1,0.5158551931381226,14.087974620072737
externalized,externalized_183,0.0,1,0.5137481093406677,16.64120114463648
externalized,externalized_184,0.0,1,0.5155448913574219,14.100160061079265
externalized,externalized_185,0.0,1,0.5176068544387817,13.036992477423993
externalized,externalized_186,0.0,1,0.511261522769928,16.87367264550484
externalized,externalized_187,0.0,1,0.5095205903053284,14.576107944680059
externalized,externalized_188,0.0,1,0.5138360857963562,13.931632836735561
externalized,externalized_189,0.0,1,0.5182095170021057,14.068545077731018
externalized,externalized_190,0.0,1,0.5089066624641418,9.787148572486805
externalized,externalized_191,0.0,1,0.5206722617149353,8.06673261325743
externalized,externalized_192,0.0,1,0.5082393288612366,22.40602983196395
externalized,externalized_193,0.0,1,0.5172496438026428,9.424060158414806
externalized,externalized_194,0.0,1,0.5167946219444275,8.287562156387459
externalized,externalized_195,0.0,1,0.5071447491645813,21.36003513093735
externalized,externalized_196,0.0,1,0.507634699344635,19.669192629816337
externalized,externalized_197,0.0,1,0.5121901035308838,9.263198739116454
externalized,externalized_198,0.0,1,0.5199497938156128,9.88179204996098
externalized,externalized_199,0.0,1,0.5148603916168213,8.581227508064849
